{
  "content/slides/generate_slide_images.py": 1775592851.4053254,
  "public/js/brand-gravity-bg.js": 1770659795.3985996,
  "scripts/keyword_analysis.py": 1775534951.960463,
  "scripts/google-apps-script-survey.js": 1770096939.8619034,
  "scripts/check_indexing.py": 1776021121.3223507,
  "scripts/weekly-seo-report.py": 1776022860.871655,
  "scripts/competitive_strategy.py": 1775534951.0579605,
  "scripts/social/post_social.py": 1776023761.8523672,
  "scripts/social/post_to_linkedin.py": 1776023732.0923479,
  "scripts/social/post_to_x.py": 1776023711.3421102,
  "src/env.d.ts": 1769111670.3662677,
  "src/content/config.ts": 1776106576.1765826,
  "src/components/MaturityTimeline.tsx": 1776192151.757916,
  "src/components/FaqAccordion.tsx": 1776192223.489609,
  "src/components/GTMArchitecture.tsx": 1773211185.7694466,
  "src/components/LayerTransformation.tsx": 1776185386.8944387,
  "src/components/GTMSurvey.tsx": 1770739798.3189685,
  "src/components/ComponentTabs.tsx": 1776192124.6273277,
  "src/components/GTMArchitectureV2.tsx": 1773211196.6941137,
  "src/components/DisciplineGrid.tsx": 1776192191.131917,
  "src/components/IntelligenceLayerHero.tsx": 1775688135.305669,
  "src/components/FloatingCta.tsx": 1776192240.4056387,
  "src/components/StatsCounter.tsx": 1776192167.8771968,
  "src/components/SectionReveal.tsx": 1776192230.0067642,
  "src/components/IntelligenceLayerAnimation.tsx": 1775686266.7918782,
  "src/components/calculator/TopBar.tsx": 1774644857.5944045,
  "src/components/calculator/FunnelCalculator.tsx": 1774644857.602734,
  "src/components/calculator/panels/BudgetSection.tsx": 1774644857.5947905,
  "src/components/calculator/panels/CohortBuilder.tsx": 1774644857.5950794,
  "src/components/calculator/panels/AdvancedSection.tsx": 1774644857.5953417,
  "src/components/calculator/panels/GoalsSection.tsx": 1774644857.595588,
  "src/components/calculator/panels/SolverInputPanel.tsx": 1774644857.595857,
  "src/components/calculator/shared/AnimatedNumber.tsx": 1774644857.5964935,
  "src/components/calculator/shared/StaggerContainer.tsx": 1774644857.5967422,
  "src/components/calculator/shared/wizardSteps.ts": 1774644857.5970309,
  "src/components/calculator/shared/LockableInput.tsx": 1774644857.5972877,
  "src/components/calculator/shared/GuidedWizard.tsx": 1774644857.5980859,
  "src/components/calculator/shared/CollapsibleSection.tsx": 1774644857.5982955,
  "src/components/calculator/shared/Tooltip.tsx": 1774644857.5985641,
  "src/components/calculator/shared/chartConstants.ts": 1774644857.5988066,
  "src/components/calculator/shared/formatters.ts": 1774644857.5990772,
  "src/components/calculator/shared/NumberInput.tsx": 1774644857.599291,
  "src/components/calculator/shared/Modal.tsx": 1774644857.5995665,
  "src/components/calculator/state/context.tsx": 1774644857.5999677,
  "src/components/calculator/state/scenarios.ts": 1774644857.6003664,
  "src/components/calculator/dashboard/Dashboard.tsx": 1774644857.6007574,
  "src/components/calculator/dashboard/HeroMetrics.tsx": 1774644857.6010408,
  "src/components/calculator/dashboard/CohortsTab.tsx": 1774644857.6013696,
  "src/components/calculator/dashboard/SensitivityTab.tsx": 1774644857.6016765,
  "src/components/calculator/dashboard/TimelineTab.tsx": 1774644857.6019804,
  "src/components/calculator/dashboard/DataTab.tsx": 1774644857.6022227,
  "src/components/calculator/dashboard/BudgetTab.tsx": 1774644857.6024528,
  "src/components/calculator/export/pdfPages.ts": 1774644857.603173,
  "src/components/calculator/export/pdfChartPages.ts": 1774644857.6034772,
  "src/components/calculator/export/EmailCaptureModal.tsx": 1774644857.6037347,
  "src/components/calculator/export/chartCapture.ts": 1774644857.6039894,
  "src/components/calculator/export/ChartCaptureContainer.tsx": 1774644857.604989,
  "src/components/calculator/export/infographicCapture.ts": 1774644857.6057012,
  "src/components/calculator/export/recommendations.ts": 1774644857.6059742,
  "src/components/calculator/export/PDFInfographic.tsx": 1774644857.6063623,
  "src/components/calculator/engine/frequency-boost.ts": 1774644857.6068187,
  "src/components/calculator/engine/solver-bounds.ts": 1774644857.607125,
  "src/components/calculator/engine/defaults.ts": 1774644857.6074162,
  "src/components/calculator/engine/validate.ts": 1774644857.6076338,
  "src/components/calculator/engine/cost-helpers.ts": 1774644857.6078901,
  "src/components/calculator/engine/types.ts": 1774644857.6090744,
  "src/components/calculator/engine/calculate.ts": 1774644857.6093557,
  "src/components/calculator/engine/solver.ts": 1774644857.609788,
  "src/components/calculator/engine/solver-types.ts": 1774644857.6100318,
  "src/components/calculator/engine/asp-scaling.ts": 1774644857.6102855,
  "src/pages/api/survey-list.ts": 1770187072.2030232,
  "src/pages/api/setup-db.ts": 1770187080.419819,
  "src/pages/api/leads.ts": 1772424214.3800128,
  "src/pages/api/survey.ts": 1770223128.371407,
  "CLAUDE-SKILL.md": 1770739798.3068118,
  "README.md": 1770739798.307411,
  "CLAUDE.md": 1774639068.4251552,
  "audit-template/README.md": 1771182323.6578028,
  "content/gtm-positioning-guide.md": 1775449119.4482589,
  "content/scale-without-headcount-infographic.md": 1775448057.935112,
  "content/slides/STYLE_GUIDE.md": 1775605375.3916557,
  "public/llms.txt": 1775679526.8621,
  "public/robots.txt": 1776020600.8074675,
  "scripts/requirements-gsc.txt": 1776017827.2443564,
  "scripts/indexing-report.md": 1776021012.6635063,
  "scripts/seo-crosslink-backlink-report.md": 1776021540.9099822,
  "scripts/social/requirements.txt": 1776023701.6750553,
  "scripts/reports/weekly-health-2026-04-13.md": 1776094019.2965736,
  "scripts/reports/seo-report-2026-04-13.md": 1776093128.287074,
  "scripts/reports/seo-report-latest.md": 1776093128.2874122,
  "outreach/linkedin-article-2-why-series-a-gtm-breaks.md": 1775246308.7953107,
  "outreach/directory-listing-copy.md": 1775246275.1405761,
  "outreach/linkedin-outreach-templates.md": 1775246334.0936496,
  "outreach/medium-why-b2b-content-doesnt-show-up-in-chatgpt.md": 1775246429.1736197,
  "outreach/medium-fractional-cmo-vs-gtm-consultant.md": 1775246359.2909849,
  "outreach/podcast-pitch-templates.md": 1775246307.3256664,
  "outreach/linkedin-short-posts-week4.md": 1775247756.8941042,
  "outreach/month-1-recap-email.md": 1775247766.7677023,
  "outreach/substack-why-b2b-content-doesnt-show-up-in-chatgpt.md": 1775246481.1891716,
  "outreach/linkedin-article-1-gtm-motion-that-compounds.md": 1775246317.7264512,
  "outreach/substack-fractional-cmo-vs-gtm-consultant.md": 1775246455.099817,
  "outreach/month-2-content-calendar.md": 1775247820.6474185,
  "outreach/substack-gtm-architect-guide-aeo.md": 1775246582.6338956,
  "src/content/posts/fractional-cmo-vs-gtm-consultant.md": 1776103394.6267183,
  "src/content/posts/chief-marketing-orchestrator.md": 1776103426.214922,
  "src/content/posts/aeo-statistics-b2b-saas-2026.md": 1776106580.6135318,
  "src/content/posts/physics-of-marketing-definitive-guide.md": 1776103401.181036,
  "src/content/posts/ai-collapsing-gtm-walls.md": 1776098149.5178475,
  "src/content/posts/friction-problem.md": 1776098271.433578,
  "src/content/posts/funnel-math-kills-the-deal.md": 1776098278.040919,
  "src/content/posts/your-ai-is-still-a-chatbot.md": 1776103419.6295755,
  "src/content/posts/inflection-points.md": 1776098283.80761,
  "src/content/posts/fractional-cmo-cost-2026.md": 1776103379.8299122,
  "src/content/posts/fractional-cmo-first-90-days.md": 1776103387.3526702,
  "src/content/posts/gtm-architect-guide-answer-engine-optimization.md": 1776103371.8524702,
  "src/content/posts/six-components-of-an-intelligence-layer.md": 1776103415.1672583,
  "src/content/posts/why-b2b-content-doesnt-show-up-in-chatgpt.md": 1776103358.77814,
  "src/content/posts/why-gtm-leaders-churn-early-stage-saas.md": 1776103408.7616742,
  "src/content/posts/stage-appropriate-gtm-metrics-saas.md": 1776098149.517396,